Date,AAPL,AMZN,GOOGL,MSFT,TSLA
2020-01-02,72.9604721069336,94.90049743652344,68.35554504394531,154.21566772460938,28.68400001525879
2020-01-03,72.25112915039062,93.74849700927734,67.99795532226562,152.29542541503906,29.534000396728516
2020-01-06,72.82686614990234,95.14399719238281,69.81037902832031,152.68902587890625,30.1026668548584
2020-01-07,72.4843521118164,95.34300231933594,69.675537109375,151.296875,31.270666122436523
2020-01-08,73.65036010742188,94.59850311279297,70.17146301269531,153.706787109375,32.80933380126953
2020-01-09,75.21473693847656,95.05249786376953,70.90811920166016,155.62705993652344,32.089332580566406
2020-01-10,75.38478088378906,94.15799713134766,71.3660888671875,154.90699768066406,31.876667022705078
2020-01-13,76.99533081054688,94.56500244140625,71.91896057128906,156.76956176757812,34.990665435791016
2020-01-14,75.95565032958984,93.47200012207031,71.44750213623047,155.6654510498047,35.861331939697266
2020-01-15,75.63011932373047,93.10099792480469,71.87750244140625,156.673583984375,34.56666564941406
2020-01-16,76.57752227783203,93.89700317382812,72.42488098144531,159.5443878173828,34.232666015625
2020-01-17,77.42530059814453,93.23600006103516,73.89119720458984,160.4373321533203,34.03333282470703
2020-01-21,76.90058898925781,94.5999984741211,74.02754211425781,159.86123657226562,36.47999954223633
2020-01-22,77.17508697509766,94.37300109863281,74.10844421386719,159.0930938720703,37.97066879272461
2020-01-23,77.54676055908203,94.22899627685547,74.14939880371094,160.0724639892578,38.14666748046875
2020-01-24,77.32327270507812,93.08200073242188,73.2244644165039,158.45938110351562,37.654666900634766
2020-01-27,75.04954528808594,91.41699981689453,71.50444030761719,155.80946350097656,37.201332092285156
2020-01-28,77.17266082763672,92.6624984741211,72.44186401367188,158.8627166748047,37.793331146240234
2020-01-29,78.78807067871094,92.9000015258789,72.75150299072266,161.3397979736328,38.732666015625
2020-01-30,78.67387390136719,93.53399658203125,72.62914276123047,165.89077758789062,42.72066879272461
2020-01-31,75.18558502197266,100.43599700927734,71.55687713623047,163.44248962402344,43.371334075927734
2020-02-03,74.97911071777344,100.20999908447266,74.04501342773438,167.42703247070312,52.0
2020-02-04,77.45445251464844,102.4834976196289,72.18765258789062,172.93817138671875,59.137332916259766
2020-02-05,78.08602142333984,101.99349975585938,72.21961212158203,172.72691345214844,48.97999954223633
2020-02-06,78.99940490722656,102.5114974975586,73.71389770507812,176.30821228027344,49.930667877197266
2020-02-07,77.92559814453125,103.96399688720703,73.87071990966797,176.55783081054688,49.871334075927734
2020-02-10,78.29570770263672,106.69550323486328,75.34652709960938,181.17601013183594,51.41866683959961
2020-02-11,77.82333374023438,107.54000091552734,75.41644287109375,177.08592224121094,51.62533187866211
2020-02-12,79.67145538330078,108.0,75.8444595336914,177.34515380859375,51.15266799926758
2020-02-13,79.10411071777344,107.49349975585938,75.58275604248047,176.38502502441406,53.599998474121094
2020-02-14,79.12359619140625,106.74349975585938,75.84944915771484,177.9595947265625,53.33533477783203
2020-02-18,77.67478942871094,107.78350067138672,75.8849105834961,179.7646484375,57.22666549682617
2020-02-19,78.79974365234375,108.51100158691406,76.15609741210938,180.30381774902344,61.16133117675781
2020-02-20,77.9913330078125,107.65499877929688,75.7625503540039,177.55032348632812,59.96066665649414
2020-02-21,76.22599792480469,104.79850006103516,74.08796691894531,171.9375,60.06666564941406
2020-02-24,72.60523986816406,100.4645004272461,70.91161346435547,164.5243377685547,55.58599853515625
2020-02-25,70.14592742919922,98.63700103759766,69.23654174804688,161.80938720703125,53.32733154296875
2020-02-26,71.25871276855469,98.97949981689453,69.44380187988281,163.83116149902344,51.91999816894531
2020-02-27,66.60066223144531,94.21499633789062,65.67212677001953,152.28778076171875,45.266666412353516
2020-02-28,66.56169891357422,94.1875,66.88573455810547,155.97511291503906,44.53266525268555
2020-03-02,72.7586441040039,97.69750213623047,69.23654174804688,166.3535614013672,49.574668884277344
2020-03-03,70.44786834716797,95.44950103759766,66.809326171875,158.3819580078125,49.70066833496094
2020-03-04,73.71556091308594,98.79149627685547,69.00080871582031,164.19700622558594,49.96666717529297
2020-03-05,71.32445526123047,96.20149993896484,65.66263580322266,160.07644653320312,48.30266571044922
2020-03-06,70.37724304199219,95.05449676513672,64.71273040771484,155.551513671875,46.89866638183594
2020-03-09,64.81097412109375,90.03050231933594,60.71981430053711,145.00942993164062,40.53333282470703
2020-03-10,69.47876739501953,94.59100341796875,63.68540954589844,154.92572021484375,43.02199935913086
2020-03-11,67.06573486328125,91.04299926757812,60.475589752197266,147.90725708007812,42.28200149536133
2020-03-12,60.44267272949219,83.83049774169922,55.51378631591797,133.87997436523438,37.369998931884766
2020-03-13,67.68421173095703,89.25,60.64390182495117,152.91355895996094,36.44133377075195
2020-03-16,58.976844787597656,84.4574966430664,53.588497161865234,130.37557983398438,29.67133331298828
2020-03-17,61.5700569152832,90.39199829101562,55.83891296386719,141.1102752685547,28.68000030517578
2020-03-18,60.062828063964844,91.5,54.49695587158203,135.17005920410156,24.08133316040039
2020-03-19,59.60262680053711,94.04650115966797,55.519779205322266,137.39407348632812,28.50933265686035
2020-03-20,55.81871032714844,92.30449676513672,53.34926986694336,132.23373413085938,28.50200080871582
2020-03-23,54.63288497924805,95.1415023803711,52.646080017089844,130.91473388671875,28.952667236328125
2020-03-24,60.11396408081055,97.00499725341797,56.43572998046875,142.81430053710938,33.66666793823242
2020-03-25,59.782806396484375,94.29199981689453,55.01785659790039,141.44720458984375,35.95000076293945
2020-03-26,62.92875289916992,97.77449798583984,58.079341888427734,150.29490661621094,35.21066665649414
2020-03-27,60.32337188720703,95.00499725341797,55.44935989379883,144.12367248535156,34.29066848754883
2020-03-30,62.04487609863281,98.19750213623047,57.249794006347656,154.2613983154297,33.47533416748047
2020-03-31,61.91825485229492,97.48600006103516,58.03089904785156,151.83529663085938,34.93333435058594
2020-04-01,58.66030502319336,95.38500213623047,55.04182815551758,146.44386291503906,32.104000091552734
2020-04-02,59.63914489746094,95.94149780273438,55.7874755859375,149.47653198242188,30.29800033569336
2020-04-03,58.782047271728516,95.32949829101562,54.572364807128906,148.099853515625,32.000667572021484
2020-04-06,63.910037994384766,99.87950134277344,59.09168243408203,159.11366271972656,34.41600036621094
2020-04-07,63.16981887817383,100.58000183105469,59.06021499633789,157.39999389648438,36.36333465576172
2020-04-08,64.78662872314453,102.1500015258789,60.28081512451172,158.9789276123047,36.589332580566406
2020-04-09,65.2541275024414,102.13800048828125,60.25933837890625,158.988525390625,38.20000076293945
2020-04-13,66.534912109375,108.44349670410156,60.45112228393555,159.3447265625,43.39666748046875
2020-04-14,69.89512634277344,114.16600036621094,63.18898010253906,167.22964477539062,47.32600021362305
2020-04-15,69.2571792602539,115.38400268554688,62.79293441772461,165.47743225097656,48.65533447265625
2020-04-16,69.80748748779297,120.40950012207031,62.79942321777344,170.44520568847656,49.680667877197266
2020-04-17,68.86028289794922,118.75,63.87668991088867,171.94715881347656,50.259334564208984
2020-04-20,67.43097686767578,119.68049621582031,62.98521041870117,168.53897094726562,49.75733184814453
2020-04-21,65.3466567993164,116.40599822998047,60.53852081298828,161.56871032714844,45.781333923339844
2020-04-22,67.22886657714844,118.17449951171875,62.84836959838867,167.05638122558594,48.807334899902344
2020-04-23,66.96835327148438,119.97250366210938,63.48563766479492,165.03460693359375,47.04199981689453
2020-04-24,68.90167999267578,120.51100158691406,63.75682830810547,168.04800415039062,48.34333419799805
2020-04-27,68.95038604736328,118.80000305175781,63.47015380859375,167.5666046142578,53.25
2020-04-28,67.83274841308594,115.7040023803711,61.5588493347168,163.48455810546875,51.27466583251953
2020-04-29,70.06072235107422,118.635498046875,67.03206634521484,170.82070922851562,53.367332458496094
2020-04-30,71.53873443603516,123.69999694824219,67.25780487060547,172.53440856933594,52.12533187866211
2020-05-01,70.38699340820312,114.302001953125,65.79048919677734,168.06724548339844,46.75466537475586
2020-05-04,71.38288879394531,115.79949951171875,66.06916809082031,172.17816162109375,50.74599838256836
2020-05-05,72.45426177978516,115.88999938964844,67.37367248535156,174.0266876220703,51.2140007019043
2020-05-06,73.20179748535156,117.56300354003906,67.19438171386719,175.74034118652344,52.172000885009766
2020-05-07,73.95904541015625,118.38050079345703,68.38551330566406,176.76092529296875,52.00266647338867
2020-05-08,75.71942138671875,118.98049926757812,69.13765716552734,177.80064392089844,54.62799835205078
2020-05-11,76.91088104248047,120.44999694824219,70.09904479980469,179.78392028808594,54.08599853515625
2020-05-12,76.03192138671875,117.84750366210938,68.68017578125,175.7114715576172,53.96066665649414
2020-05-13,75.11390686035156,118.39600372314453,67.3392105102539,173.05430603027344,52.73066711425781
2020-05-14,75.57537078857422,119.44249725341797,67.76522827148438,173.80526733398438,53.55533218383789
2020-05-15,75.12857055664062,120.48899841308594,68.57429504394531,176.33726501464844,53.27799987792969
2020-05-18,76.89866638183594,121.31300354003906,69.17960357666016,178.0220947265625,54.242000579833984
2020-05-19,76.4543228149414,122.46649932861328,68.64122009277344,176.78977966308594,53.867332458496094
2020-05-20,77.94122314453125,124.89700317382812,70.37722778320312,179.24197387695312,54.37066650390625
2020-05-21,77.36012268066406,122.33699798583984,70.25686645507812,177.08905029296875,55.17333221435547
2020-05-22,77.85821533203125,121.84400177001953,70.58099365234375,177.16629028320312,54.45866775512695
2020-05-26,77.3308334350586,121.09300231933594,70.98702239990234,175.29335021972656,54.591331481933594
2020-05-27,77.66776275634766,120.51950073242188,70.9325942993164,175.52503967285156,54.68199920654297
2020-05-28,77.70194244384766,120.05500030517578,70.8307113647461,175.12924194335938,53.72066879272461
2020-05-29,77.6262435913086,122.11849975585938,71.59383392333984,176.91525268554688,55.66666793823242
2020-06-01,78.58090209960938,123.552001953125,71.6612548828125,176.50978088378906,59.87333297729492
2020-06-02,78.94468688964844,123.62049865722656,72.03282928466797,178.51791381835938,58.770668029785156
2020-06-03,79.3792724609375,123.91999816894531,71.8800048828125,178.9523162841797,58.86399841308594
2020-06-04,78.69564819335938,123.02999877929688,70.6339340209961,176.5966796875,57.62533187866211
2020-06-05,80.9369888305664,124.1500015258789,71.91845703125,180.7287139892578,59.04399871826172
2020-06-08,81.41553497314453,126.2030029296875,72.31900024414062,181.8486328125,63.327999114990234
2020-06-09,83.98646545410156,130.04299926757812,72.52076721191406,183.23883056640625,62.711334228515625
2020-06-10,86.14722442626953,132.37249755859375,73.15104675292969,190.03549194335938,68.336669921875
2020-06-11,82.01126861572266,127.89800262451172,70.0146484375,179.83091735839844,64.85600280761719
2020-06-12,82.71929168701172,127.2509994506836,70.56501770019531,181.25006103515625,62.35200119018555
2020-06-15,83.7423095703125,128.63400268554688,70.95556640625,182.4085693359375,66.05999755859375
2020-06-16,85.96165466308594,130.7635040283203,72.24059295654297,186.8785400390625,65.47533416748047
2020-06-17,85.84203338623047,132.0489959716797,72.54373931884766,187.52536010742188,66.11933135986328
2020-06-18,85.87621307373047,132.69900512695312,71.6238021850586,189.53347778320312,66.9306640625
2020-06-19,85.3854751586914,133.75050354003906,71.15034484863281,188.40391540527344,66.72666931152344
2020-06-22,87.61946105957031,135.6909942626953,72.44984436035156,193.6365509033203,66.28800201416016
2020-06-23,89.48969268798828,138.2205047607422,73.11508178710938,194.93023681640625,66.78533172607422
2020-06-24,87.91001892089844,136.72000122070312,71.5528793334961,191.0009002685547,64.0566635131836
2020-06-25,89.07707214355469,137.72900390625,71.97239685058594,193.4144744873047,65.73200225830078
2020-06-26,86.34011840820312,134.64349365234375,68.04889678955078,189.5430908203125,63.982666015625
2020-06-29,88.32994842529297,134.0189971923828,69.77841186523438,191.58018493652344,67.29000091552734
2020-06-30,89.06730651855469,137.9409942626953,70.82121276855469,196.4748992919922,71.98733520507812
2020-07-01,88.89881134033203,143.93499755859375,72.01734161376953,197.623779296875,74.64199829101562
2020-07-02,88.89881134033203,144.51499938964844,73.41224670410156,199.12986755371094,80.57733154296875
2020-07-06,91.27690124511719,152.8520050048828,74.89653778076172,203.41635131835938,91.43866729736328
2020-07-07,90.99369049072266,150.00599670410156,74.41059875488281,201.05104064941406,92.65733337402344
2020-07-08,93.1129379272461,154.0554962158203,75.09381866455078,205.47271728515625,91.05867004394531
2020-07-09,93.51334381103516,159.13150024414062,75.845947265625,206.91122436523438,92.9520034790039
2020-07-10,93.67691040039062,160.0,76.86228942871094,206.28372192382812,102.97666931152344
2020-07-13,93.24478149414062,155.1999969482422,75.52482604980469,199.91183471679688,99.80400085449219
2020-07-14,94.7878189086914,154.1999969482422,75.95582580566406,201.14761352539062,101.12000274658203
2020-07-15,95.4397201538086,150.44349670410156,75.7570571899414,200.8483123779297,103.06732940673828
2020-07-16,94.26535034179688,149.9949951171875,75.65917205810547,196.8707275390625,100.04266357421875
2020-07-17,94.07490539550781,148.09849548339844,75.75555419921875,195.86671447753906,100.05599975585938
2020-07-20,96.05743408203125,159.8419952392578,78.10236358642578,204.28526306152344,109.53333282470703
2020-07-21,94.7316665649414,156.9145050048828,77.70681762695312,201.53378295898438,104.55733489990234
2020-07-22,94.9977798461914,154.99549865722656,78.15280151367188,204.43006896972656,106.15533447265625
2020-07-23,90.67383575439453,149.32749938964844,75.75056457519531,195.53842163085938,100.87133026123047
2020-07-24,90.44921875,150.44549560546875,75.32405090332031,194.34133911132812,94.46666717529297
2020-07-27,92.59288024902344,152.760498046875,76.38383483886719,196.80319213867188,102.63999938964844
2020-07-28,91.07180786132812,150.01649475097656,75.0963134765625,195.0364227294922,98.43267059326172
2020-07-29,92.8175048828125,151.67649841308594,76.08817291259766,197.00592041015625,99.94066619873047
2020-07-30,93.94062042236328,152.593994140625,76.830322265625,196.85142517089844,99.16600036621094
2020-07-31,103.77513122558594,158.23399353027344,74.31221008300781,197.9230499267578,95.38400268554688
2020-08-03,106.39000701904297,155.59449768066406,74.05300903320312,209.0544891357422,99.0
2020-08-04,107.10050964355469,156.94149780273438,73.58055114746094,205.9168243408203,99.13333129882812
2020-08-05,107.48868560791016,160.25149536132812,73.86972045898438,205.5789337158203,99.00133514404297
2020-08-06,111.23888397216797,161.25,75.1612319946289,208.87103271484375,99.30533599853516
2020-08-07,108.70980834960938,158.3730010986328,74.8326187133789,205.1348419189453,96.84733581542969
2020-08-10,110.28988647460938,157.4080047607422,74.75521087646484,201.05104064941406,94.57133483886719
2020-08-11,107.00985717773438,154.0334930419922,73.942138671875,196.34938049316406,91.6259994506836
2020-08-12,110.56627655029297,158.11199951171875,75.27560424804688,201.9585418701172,103.65066528320312
2020-08-13,112.52302551269531,158.05099487304688,75.74556732177734,201.48550415039062,108.06666564941406
2020-08-14,112.42273712158203,157.4010009765625,75.14525604248047,201.67860412597656,110.04733276367188
2020-08-17,112.12923431396484,159.12049865722656,75.72509002685547,203.01087951660156,122.3759994506836
2020-08-18,113.06356811523438,165.62449645996094,77.6998291015625,204.17906188964844,125.80599975585938
2020-08-19,113.20543670654297,163.0240020751953,77.1419677734375,202.94032287597656,125.23533630371094
2020-08-20,115.71742248535156,164.86849975585938,78.72215270996094,207.66302490234375,133.45533752441406
2020-08-21,121.68063354492188,164.23599243164062,78.68819427490234,206.15328979492188,136.6653289794922
2020-08-24,123.1359634399414,165.3730010986328,79.16664123535156,206.8016815185547,134.27999877929688
2020-08-25,122.12577819824219,167.32449340820312,80.20045471191406,209.49209594726562,134.8893280029297
2020-08-26,123.78656005859375,172.09249877929688,82.11225891113281,214.021240234375,143.54466247558594
2020-08-27,122.3067855834961,170.0,81.33265686035156,219.2761993408203,149.25
2020-08-28,122.1086654663086,170.08999633789062,81.87752532958984,221.5310821533203,147.55999755859375
2020-08-31,126.24964141845703,172.54800415039062,81.38310241699219,218.260009765625,166.10667419433594
2020-09-01,131.2784881591797,174.95599365234375,82.65913391113281,219.94398498535156,158.35000610351562
2020-09-02,128.55860900878906,176.57249450683594,85.77105712890625,224.18275451660156,149.1233367919922
2020-09-03,118.26608276367188,168.39999389648438,81.3821029663086,210.29530334472656,135.6666717529297
2020-09-04,118.3443832397461,164.7310028076172,78.9698715209961,207.34364318847656,139.44000244140625
2020-09-08,110.38038635253906,157.49200439453125,76.09266662597656,196.12722778320312,110.06999969482422
2020-09-09,114.78307342529297,163.4304962158203,77.27281951904297,204.47906494140625,122.09333038330078
2020-09-10,111.03589630126953,158.7554931640625,76.21502685546875,198.7498779296875,123.77999877929688
2020-09-11,109.5781021118164,155.81100463867188,75.70111846923828,197.4530792236328,124.23999786376953
2020-09-14,112.86544799804688,155.14849853515625,75.35501098632812,198.78860473632812,139.8733367919922
2020-09-15,113.04155731201172,157.80650329589844,76.66800689697266,202.04998779296875,149.9199981689453
2020-09-16,109.70529174804688,153.90499877929688,75.51782989501953,198.4402313232422,147.25332641601562
2020-09-17,107.95398712158203,150.43649291992188,74.26676177978516,196.3691864013672,141.14332580566406
2020-09-18,104.52967834472656,147.74549865722656,72.47132110595703,193.93040466308594,147.38333129882812
2020-09-21,107.69962310791016,148.02349853515625,71.42503356933594,196.0111083984375,149.79666137695312
2020-09-22,109.39222717285156,156.44949340820312,72.9073257446289,200.73377990722656,141.41000366210938
2020-09-23,104.80364227294922,149.9929962158203,70.38871002197266,194.12399291992188,126.78666687011719
2020-09-24,105.87985229492188,150.989501953125,71.06143951416016,196.64015197753906,129.26333618164062
2020-09-25,109.85204315185547,154.75650024414062,71.87051391601562,201.1209259033203,135.77999877929688
2020-09-28,112.47410583496094,158.70249938964844,72.8493881225586,202.68869018554688,140.39999389648438
2020-09-29,111.62291717529297,157.24400329589844,73.21697235107422,200.57896423339844,139.69000244140625
2020-09-30,113.30573272705078,157.43649291992188,73.19599151611328,203.55001831054688,143.00332641601562
2020-10-01,114.2645492553711,161.06300354003906,74.3097152709961,205.61135864257812,149.3866729736328
2020-10-02,110.57606506347656,156.25,72.69656372070312,199.54344177246094,138.3633270263672
2020-10-05,113.98080444335938,159.9600067138672,74.05651092529297,203.598388671875,141.89332580566406
2020-10-06,110.7130355834961,154.9980010986328,72.46783447265625,199.27247619628906,137.9933319091797
2020-10-07,112.59150695800781,159.7845001220703,72.87336730957031,203.06613159179688,141.76666259765625
2020-10-08,112.48388671875,159.52749633789062,74.08647155761719,203.79196166992188,141.97332763671875
2020-10-09,114.44062805175781,164.33250427246094,75.43592071533203,208.8533935546875,144.6666717529297
2020-10-12,121.70997619628906,172.14649963378906,78.13981628417969,214.26315307617188,147.43333435058594
2020-10-13,118.48133087158203,172.18150329589844,78.26367950439453,215.6761474609375,148.88333129882812
2020-10-14,118.56938171386719,168.1855010986328,78.08238220214844,213.74058532714844,153.76666259765625
2020-10-15,118.09976959228516,166.9324951171875,77.68434143066406,212.5792694091797,149.6266632080078
2020-10-16,116.44630432128906,163.635498046875,78.2951431274414,212.5792694091797,146.55667114257812
2020-10-19,113.47205352783203,160.36050415039062,76.40980529785156,207.3146514892578,143.61000061035156
2020-10-20,114.96894836425781,160.85049438476562,77.46509552001953,207.73074340820312,140.64666748046875
2020-10-21,114.34280395507812,159.2469940185547,79.2085952758789,207.8759307861328,140.8800048828125
2020-10-22,113.24700927734375,158.82000732421875,80.24090576171875,207.9630126953125,141.92999267578125
2020-10-23,112.55236053466797,160.22000122070312,81.55540466308594,209.25982666015625,140.2100067138672
2020-10-26,112.56214141845703,160.3520050048828,79.12368774414062,203.30807495117188,140.0933380126953
2020-10-27,114.0786361694336,164.31649780273438,79.85235595703125,206.3759002685547,141.55999755859375
2020-10-28,108.79541015625,158.13900756835938,75.45340728759766,196.14659118652344,135.33999633789062
2020-10-29,112.82630920410156,160.55050659179688,77.7547607421875,198.12083435058594,136.94332885742188
2020-10-30,106.5060043334961,151.8074951171875,80.71286010742188,195.943359375,129.34666442871094
2020-11-02,106.41796875,150.2239990234375,81.1229019165039,195.80787658691406,133.50332641601562
2020-11-03,108.05184936523438,152.42050170898438,82.18866729736328,199.77569580078125,141.3000030517578
2020-11-04,112.46432495117188,162.05799865722656,87.19243621826172,209.41468811035156,140.32666015625
2020-11-05,116.45610046386719,166.10000610351562,88.02397918701172,216.09222412109375,146.02999877929688
2020-11-06,116.32377624511719,165.56849670410156,87.88563537597656,216.50839233398438,143.31666564941406
2020-11-09,114.00104522705078,157.18699645996094,87.97003936767578,211.3502197265625,140.4199981689453
2020-11-10,113.65801239013672,151.75100708007812,86.7863998413086,204.2080841064453,136.7866668701172
2020-11-11,117.10784149169922,156.8695068359375,87.2613525390625,209.5695343017578,139.0433349609375
2020-11-12,116.83341979980469,155.51400756835938,87.04109954833984,208.49530029296875,137.25332641601562
2020-11-13,116.88241577148438,156.4405059814453,88.51141357421875,209.53082275390625,136.1666717529297
2020-11-16,117.90169525146484,156.55299377441406,88.59981536865234,210.2275848388672,136.02999877929688
2020-11-17,117.00982666015625,156.7830047607422,87.98202514648438,207.54685974121094,147.20333862304688
2020-11-18,115.67695617675781,155.2729949951172,86.9322280883789,204.81065368652344,162.2133331298828
2020-11-19,116.27478790283203,155.8509979248047,87.82769775390625,206.11085510253906,166.42333984375
2020-11-20,115.00068664550781,154.97000122070312,86.71947479248047,204.1411590576172,163.20333862304688
2020-11-23,111.58028411865234,154.91949462890625,86.27897644042969,203.86944580078125,173.9499969482422
2020-11-24,112.87397003173828,155.9029998779297,88.0938949584961,207.50807189941406,185.1266632080078
2020-11-25,113.71682739257812,159.2534942626953,88.10537719726562,207.5177459716797,191.3333282470703
2020-11-27,114.26565551757812,159.76699829101562,89.24856567382812,208.83737182617188,195.25332641601562
2020-11-30,116.67660522460938,158.40199279785156,87.61943817138672,207.71185302734375,189.1999969482422
2020-12-01,120.2734603881836,161.00399780273438,89.66509246826172,209.78826904296875,194.9199981689453
2020-12-02,120.62626647949219,160.17649841308594,91.14389038085938,208.9732208251953,189.60667419433594
2020-12-03,120.48905181884766,159.3365020751953,90.98757934570312,207.87680053710938,197.7933349609375
2020-12-04,119.81281280517578,158.12899780273438,91.08346557617188,207.9932403564453,199.67999267578125
2020-12-07,121.28291320800781,157.89999389648438,90.74735260009766,207.92530822753906,213.9199981689453
2020-12-08,121.90034484863281,158.864501953125,90.46267700195312,209.59422302246094,216.6266632080078
2020-12-09,119.35218048095703,155.2100067138672,88.79109191894531,205.50924682617188,201.4933319091797
2020-12-10,120.7830810546875,155.07449340820312,88.28118133544922,204.2672882080078,209.02333068847656
2020-12-11,119.96961212158203,155.8209991455078,88.63826751708984,206.9258575439453,203.3300018310547
2020-12-14,119.35218048095703,157.84849548339844,87.51255798339844,207.83795166015625,213.27667236328125
2020-12-15,125.33058166503906,158.25599670410156,87.95305633544922,207.77003479003906,211.0833282470703
2020-12-16,125.261962890625,162.04800415039062,87.75877380371094,212.76708984375,207.58999633789062
2020-12-17,126.13424682617188,161.8040008544922,86.92573547363281,212.90292358398438,218.63333129882812
2020-12-18,124.13490295410156,160.08250427246094,86.21205139160156,212.0975799560547,231.6666717529297
2020-12-21,125.67359161376953,160.3090057373047,86.62857055664062,215.97877502441406,216.6199951171875
2020-12-22,129.25083923339844,160.3260040283203,85.91239929199219,217.28871154785156,213.44667053222656
2020-12-23,128.3491973876953,159.2635040283203,86.31243896484375,214.4553985595703,215.32666015625
2020-12-24,129.3390655517578,158.63450622558594,86.60859680175781,216.13400268554688,220.58999633789062
2020-12-28,133.96493530273438,164.197998046875,88.5963134765625,218.27838134765625,221.22999572753906
2020-12-29,132.1811981201172,166.10000610351562,87.78724670410156,217.49244689941406,221.99667358398438
2020-12-30,131.05413818359375,164.29249572753906,86.71298217773438,215.09579467773438,231.5933380126953
2020-12-31,130.04469299316406,162.84649658203125,87.53154754638672,215.81381225585938,235.22332763671875
2021-01-04,126.83007049560547,159.3314971923828,86.20756530761719,211.22433471679688,243.2566680908203
2021-01-05,128.39816284179688,160.92550659179688,86.90276336669922,211.42808532714844,245.0366668701172
2021-01-06,124.07608795166016,156.91900634765625,86.04524230957031,205.94589233398438,251.9933319091797
2021-01-07,128.3099365234375,158.10800170898438,88.61530303955078,211.80648803710938,272.0133361816406
2021-01-08,129.41744995117188,159.13499450683594,89.7884521484375,213.09701538085938,293.3399963378906
2021-01-11,126.40863800048828,155.7104949951172,87.71382904052734,211.0302734375,270.39666748046875
2021-01-12,126.23223876953125,156.04150390625,86.77191162109375,208.54629516601562,283.14666748046875
2021-01-13,128.2805633544922,158.29449462890625,87.2623519897461,209.91439819335938,284.8033447265625
2021-01-14,126.34004211425781,156.37350463867188,86.44678497314453,206.69300842285156,281.6666564941406
2021-01-15,124.60533142089844,155.21249389648438,86.28197479248047,206.33401489257812,275.38665771484375
2021-01-19,125.28157806396484,156.03799438476562,89.1212158203125,210.01144409179688,281.51666259765625
2021-01-20,129.39784240722656,163.16900634765625,93.89573669433594,217.67678833007812,283.48333740234375
2021-01-21,134.14137268066406,165.34950256347656,94.09950256347656,218.2880859375,281.663330078125
2021-01-22,136.29750061035156,164.6114959716797,94.51951599121094,219.23899841308594,282.21331787109375
2021-01-25,140.0707244873047,164.6999969482422,94.60541534423828,222.712646484375,293.6000061035156
2021-01-26,140.30596923828125,166.30650329589844,95.28813934326172,225.42947387695312,294.36334228515625
2021-01-27,139.22789001464844,161.62899780273438,90.84274291992188,225.9825439453125,288.0533447265625
2021-01-28,134.3569793701172,161.88099670410156,92.55377960205078,231.83346557617188,278.4766540527344
2021-01-29,129.3292694091797,160.30999755859375,91.26325225830078,225.07049560546875,264.510009765625
2021-02-01,131.46578979492188,167.1439971923828,94.54499816894531,232.5320281982422,279.9366760253906
2021-02-02,132.298828125,169.0,95.84600067138672,232.39622497558594,290.92999267578125
2021-02-03,131.26976013183594,165.62649536132812,102.82598876953125,235.78256225585938,284.89666748046875
2021-02-04,134.6510009765625,166.5500030517578,102.56378936767578,234.82196044921875,283.3299865722656
2021-02-05,134.2338409423828,167.6074981689453,104.32176971435547,235.0063018798828,284.07666015625
2021-02-08,134.3810272216797,166.14700317382812,104.10651397705078,235.268310546875,287.8066711425781
2021-02-09,133.49766540527344,165.25,103.65054321289062,236.5297088623047,283.1533203125
2021-02-10,132.88916015625,164.32899475097656,104.20440673828125,235.60791015625,268.2733459472656
2021-02-11,132.63394165039062,163.10650634765625,104.3177719116211,237.2283172607422,270.5533447265625
2021-02-12,132.86952209472656,163.885498046875,104.63141632080078,237.71348571777344,272.0400085449219
2021-02-16,130.7297821044922,163.44749450683594,105.41402435302734,236.46177673339844,265.40667724609375
2021-02-17,128.42318725585938,165.4320068359375,105.80956268310547,237.4926300048828,266.04998779296875
2021-02-18,127.31407165527344,166.4114990234375,105.16979217529297,237.09393310546875,262.4599914550781
2021-02-19,127.47107696533203,162.4949951171875,104.32077026367188,234.35137939453125,260.4333190917969
2021-02-22,123.6725845336914,159.03700256347656,102.59525299072266,228.06881713867188,238.1666717529297
2021-02-23,123.53516387939453,159.72500610351562,102.8879165649414,226.86289978027344,232.94667053222656
2021-02-24,123.03459167480469,157.97650146484375,104.07106018066406,228.10772705078125,247.33999633789062
2021-02-25,118.75513458251953,152.85800170898438,100.68194580078125,222.700439453125,227.4066619873047
2021-02-26,119.0201416015625,154.64649963378906,100.97960662841797,225.99729919433594,225.1666717529297
2021-03-01,125.42952728271484,157.3070068359375,103.36437225341797,230.4320831298828,239.47666931152344
2021-03-02,122.808837890625,154.72650146484375,103.10566711425781,227.44638061523438,228.81333923339844
2021-03-03,119.80535125732422,150.25,100.45520782470703,221.30967712402344,217.73333740234375
2021-03-04,117.91102600097656,148.8784942626953,101.57991790771484,220.5024871826172,207.14666748046875
2021-03-05,119.17716979980469,150.0229949951172,104.7332992553711,225.23873901367188,199.31666564941406
2021-03-08,114.21064758300781,147.59750366210938,100.25993347167969,221.14437866210938,187.6666717529297
2021-03-09,118.85327911376953,153.1425018310547,101.90104675292969,227.35888671875,224.52667236328125
2021-03-10,117.76378631591797,152.8820037841797,101.69278717041016,226.0362091064453,222.68666076660156
2021-03-11,119.70720672607422,155.67950439453125,104.90660095214844,230.61685180664062,233.1999969482422
2021-03-12,118.79438781738281,154.47450256347656,102.38249969482422,229.27476501464844,231.2433319091797
2021-03-15,121.69972229003906,154.08399963378906,102.60424041748047,228.36058044433594,235.97999572753906
2021-03-16,123.25051879882812,154.59300231933594,104.07505798339844,231.18093872070312,225.6266632080078
2021-03-17,122.45549011230469,156.7864990234375,103.99165344238281,230.52931213378906,233.93666076660156
2021-03-18,118.30363464355469,151.39950561523438,100.95114135742188,224.38291931152344,217.72000122070312
2021-03-19,117.77360534667969,153.7480010986328,101.23181915283203,224.02308654785156,218.2899932861328
2021-03-22,121.11079406738281,155.5435028076172,101.41810607910156,229.50816345214844,223.3333282470703
2021-03-23,120.27649688720703,156.875,101.94949340820312,231.0544891357422,220.72000122070312
2021-03-24,117.87175750732422,154.35350036621094,101.51000213623047,228.9927215576172,210.08999633789062
2021-03-25,118.36251831054688,152.31300354003906,101.50650024414062,225.95840454101562,213.4633331298828
2021-03-26,118.97105407714844,152.60150146484375,101.12044525146484,229.98471069335938,206.23666381835938
2021-03-29,119.14773559570312,153.7864990234375,102.17223358154297,228.77879333496094,203.76333618164062
2021-03-30,117.68525695800781,152.76449584960938,102.2061996459961,225.48190307617188,211.8733367919922
2021-03-31,119.8936767578125,154.70399475097656,103.00778198242188,229.29420471191406,222.64332580566406
2021-04-01,120.72799682617188,158.0500030517578,106.3669204711914,235.69346618652344,220.5833282470703
2021-04-05,123.57442474365234,161.3365020751953,110.82080841064453,242.22891235351562,230.35000610351562
2021-04-06,123.87870788574219,161.1909942626953,110.33636474609375,241.05218505859375,230.5399932861328
2021-04-07,125.53749084472656,163.96949768066406,111.82315826416016,243.0360870361328,223.6566619873047
2021-04-08,127.9520492553711,164.96499633789062,112.39250946044922,246.2941131591797,227.93333435058594
2021-04-09,130.5432586669922,168.61000061035156,113.40335083007812,248.8226776123047,225.67333984375
2021-04-12,128.81581115722656,168.96949768066406,112.10234069824219,248.88101196289062,233.9933319091797
2021-04-13,131.9468536376953,170.0,112.59227752685547,251.39015197753906,254.10667419433594
2021-04-14,129.59120178222656,166.64999389648438,111.96699523925781,248.56980895996094,244.07666015625
2021-04-15,132.01556396484375,168.95449829101562,114.13150787353516,252.37240600585938,246.28334045410156
2021-04-16,131.6818389892578,169.9720001220703,114.00665283203125,253.57830810546875,246.5933380126953
2021-04-19,132.3492889404297,168.60049438476562,114.35675048828125,251.63330078125,238.2100067138672
2021-04-20,130.65122985839844,166.7344970703125,113.81986999511719,251.1664581298828,239.663330078125
2021-04-21,131.03404235839844,168.1009979248047,113.78691101074219,253.4227294921875,248.0399932861328
2021-04-22,129.5028533935547,165.45199584960938,112.49688720703125,250.1064453125,239.89666748046875
2021-04-23,131.83892822265625,167.04400634765625,114.86466979980469,253.9771270751953,243.13333129882812
2021-04-26,132.23150634765625,170.4499969482422,115.36409759521484,254.36611938476562,246.06666564941406
2021-04-27,131.90760803222656,170.8715057373047,114.41768646240234,254.77455139160156,234.913330078125
2021-04-28,131.11257934570312,172.9250030517578,117.81678771972656,247.56809997558594,231.46665954589844
2021-04-29,131.014404296875,173.5655059814453,119.50084686279297,245.57440185546875,225.6666717529297
2021-04-30,129.03172302246094,173.37100219726562,117.54010009765625,245.25347900390625,236.47999572753906
2021-05-03,130.09176635742188,169.32449340820312,117.01969909667969,244.9422607421875,228.3000030517578
2021-05-04,125.48841094970703,165.593505859375,115.20927429199219,240.98403930664062,224.53334045410156
2021-05-05,125.73380279541016,163.52699279785156,115.60581970214844,239.7003173828125,223.64666748046875
2021-05-06,127.34349060058594,165.31849670410156,116.73352813720703,242.8707733154297,221.17999267578125
2021-05-07,128.0219268798828,164.58050537109375,117.46168518066406,245.52577209472656,224.1233367919922
2021-05-10,124.7183609008789,159.52450561523438,114.45613861083984,240.3907928466797,209.67999267578125
2021-05-11,123.79415893554688,161.19549560546875,113.37287902832031,239.4669189453125,205.73333740234375
2021-05-12,120.7069320678711,157.5970001220703,109.88638305664062,232.43548583984375,196.6300048828125
2021-05-13,122.86996459960938,158.07350158691406,111.32423400878906,236.3547821044922,190.56333923339844
2021-05-14,125.30828857421875,161.14500427246094,113.78840637207031,241.33416748046875,196.5800018310547
2021-05-17,124.14811706542969,163.51950073242188,114.31480407714844,238.4457244873047,192.27667236328125
2021-05-18,122.75196075439453,161.61399841308594,112.99381256103516,236.4033966064453,192.6233367919922
2021-05-19,122.59467315673828,161.58999633789062,113.44479370117188,236.98828125,187.82000732421875
2021-05-20,125.17064666748047,162.38400268554688,115.21527099609375,240.26353454589844,195.5933380126953
2021-05-21,123.32221984863281,160.1540069580078,114.57499694824219,238.98658752441406,193.6266632080078
2021-05-24,124.96417236328125,162.24949645996094,117.91667175292969,244.455078125,202.14666748046875
2021-05-25,124.76751708984375,162.95249938964844,118.00806427001953,245.3713836669922,201.56333923339844
2021-05-26,124.7183609008789,163.25799560546875,118.87906646728516,245.147216796875,206.3766632080078
2021-05-27,123.17475128173828,161.5054931640625,117.99857330322266,243.02215576171875,210.28334045410156
2021-05-28,122.51600646972656,161.15350341796875,117.70740509033203,243.38284301757812,208.4066619873047
2021-06-01,122.1915512084961,160.9324951171875,118.9225082397461,241.1603546142578,207.96665954589844
2021-06-02,122.95845031738281,161.69949340820312,118.39362335205078,241.06285095214844,201.7066650390625
2021-06-03,121.46399688720703,159.35049438476562,117.24443817138672,239.51296997070312,190.94667053222656
2021-06-04,123.77449035644531,160.31100463867188,119.54129791259766,244.46485900878906,199.68333435058594
2021-06-07,123.7843246459961,159.90049743652344,119.97730255126953,247.40869140625,201.7100067138672
2021-06-08,124.6102066040039,163.20550537109375,119.7845230102539,246.19996643066406,201.19667053222656
2021-06-09,124.9936752319336,164.0574951171875,120.25897979736328,247.19422912597656,199.5933380126953
2021-06-10,123.99079132080078,167.4824981689453,121.6169204711914,250.7521514892578,203.3733367919922
2021-06-11,125.20996856689453,167.3415069580078,121.3707046508789,251.3858184814453,203.29666137695312
2021-06-14,128.28733825683594,169.19349670410156,122.30513763427734,253.33534240722656,205.89666748046875
2021-06-15,127.46148681640625,169.156494140625,121.28031158447266,251.84390258789062,199.7866668701172
2021-06-16,127.96292877197266,170.7624969482422,120.63404846191406,250.88864135742188,201.6233367919922
2021-06-17,129.57534790039062,174.46200561523438,121.60393524169922,254.3198699951172,205.53334045410156
2021-06-18,128.2677001953125,174.34500122070312,119.97330474853516,252.88694763183594,207.77000427246094
2021-06-21,130.07679748535156,172.697998046875,121.67285919189453,256.0062561035156,206.94332885742188
2021-06-22,131.72854614257812,175.27200317382812,122.19026184082031,258.81365966796875,207.90333557128906
2021-06-23,131.4532470703125,175.1909942626953,121.98699188232422,258.5796203613281,218.85667419433594
2021-06-24,131.16812133789062,172.45399475097656,122.35956573486328,259.9638366699219,226.60667419433594
2021-06-25,130.8731689453125,170.072998046875,122.36805725097656,258.3359069824219,223.9566650390625
2021-06-28,132.51507568359375,172.1945037841797,122.3955307006836,261.9426574707031,229.57333374023438
2021-06-29,134.03907775878906,172.40699768066406,122.13233184814453,264.5550842285156,226.9199981689453
2021-06-30,134.6584930419922,172.00799560546875,121.94953918457031,264.06768798828125,226.56666564941406
2021-07-01,134.96327209472656,171.64849853515625,122.30413818359375,264.7500305175781,225.97332763671875
2021-07-02,137.6080780029297,175.5489959716797,125.11390686035156,270.6473693847656,226.3000030517578
2021-07-06,139.6334228515625,183.78700256347656,126.04534149169922,270.6571960449219,219.86000061035156
2021-07-07,142.14060974121094,184.82899475097656,126.32901000976562,272.8699035644531,214.88333129882812
2021-07-08,140.8329620361328,186.57049560546875,124.90065002441406,270.4232177734375,217.60333251953125
2021-07-09,142.6715087890625,185.9669952392578,125.3746109008789,270.9300537109375,218.98333740234375
2021-07-12,142.07177734375,185.92750549316406,126.82994079589844,270.32574462890625,228.56666564941406
2021-07-13,143.1925811767578,183.8679962158203,127.19551849365234,273.8934326171875,222.84666442871094
2021-07-14,146.64361572265625,184.08399963378906,128.08999633789062,275.3847961425781,217.7933349609375
2021-07-15,145.98487854003906,181.55999755859375,126.85940551757812,273.9421691894531,216.86666870117188
2021-07-16,143.93002319335938,178.68150329589844,126.82444763183594,273.6692810058594,214.74000549316406
2021-07-19,140.0562286376953,177.47950744628906,124.43518829345703,270.0235900878906,215.4066619873047
2021-07-20,143.69403076171875,178.6595001220703,126.0648193359375,272.27532958984375,220.1666717529297
2021-07-21,142.95663452148438,179.25999450683594,127.40278625488281,274.3028259277344,218.42999267578125
2021-07-22,144.33311462402344,181.90150451660156,128.27427673339844,278.9233093261719,216.4199981689453
2021-07-23,146.0635528564453,182.83200073242188,132.86251831054688,282.3642883300781,214.4600067138672
2021-07-26,146.486328125,184.99099731445312,133.88134765625,281.7598571777344,219.2066650390625
2021-07-27,144.30361938476562,181.3195037841797,131.748779296875,279.313232421875,214.92666625976562
2021-07-28,142.54371643066406,181.51600646972656,135.93797302246094,279.00128173828125,215.66000366210938
2021-07-29,143.1925811767578,179.99600219726562,135.62184143066406,279.2742004394531,225.78334045410156
2021-07-30,143.40890502929688,166.37950134277344,134.57205200195312,277.7243347167969,229.06666564941406
2021-08-02,143.0746307373047,166.57400512695312,134.69992065429688,277.6365966796875,236.55667114257812
2021-08-03,144.88369750976562,168.31199645996094,135.47451782226562,279.8785705566406,236.5800018310547
2021-08-04,144.4805908203125,167.73599243164062,134.97059631347656,279.2839660644531,236.97332763671875
2021-08-05,144.58876037597656,168.79949951171875,136.09530639648438,282.218017578125,238.2100067138672
2021-08-06,143.89947509765625,167.2469940185547,135.5828857421875,282.15960693359375,233.03334045410156
2021-08-09,143.85025024414062,167.093505859375,136.75604248046875,281.05804443359375,237.9199981689453
2021-08-10,143.36778259277344,166.03399658203125,136.65017700195312,279.2157287597656,236.663330078125
2021-08-11,143.62376403808594,164.60549926757812,136.12278747558594,279.712890625,235.94000244140625
2021-08-12,146.6073455810547,165.1750030517578,137.03672790527344,282.50067138671875,240.75
2021-08-13,146.8141326904297,164.69850158691406,137.56961059570312,285.46405029296875,239.05667114257812
2021-08-16,148.80311584472656,164.94949340820312,138.15093994140625,287.1698913574219,228.72332763671875
2021-08-17,147.8874053955078,162.09800720214844,136.5048370361328,285.68829345703125,221.90333557128906
2021-08-18,144.11611938476562,160.06100463867188,135.29373168945312,283.9400634765625,229.663330078125
2021-08-19,144.4508819580078,159.3874969482422,135.5244598388672,289.83905029296875,224.49000549316406
2021-08-20,145.9180450439453,159.99749755859375,137.27195739746094,297.2517395019531,226.75332641601562
2021-08-23,147.41473388671875,163.2935028076172,139.88096618652344,297.53497314453125,235.43333435058594
2021-08-24,147.32614135742188,165.28900146484375,141.0995635986328,295.5523986816406,236.163330078125
2021-08-25,146.08543395996094,164.95899963378906,141.91612243652344,294.95660400390625,237.06666564941406
2021-08-26,145.27801513671875,165.8000030517578,141.2783660888672,292.1048278808594,233.72000122070312
2021-08-27,146.32177734375,167.48150634765625,143.8389129638672,292.7201232910156,237.30667114257812
2021-08-30,150.7724609375,171.07850646972656,144.42474365234375,296.4997253417969,243.6366729736328
2021-08-31,149.50225830078125,173.5395050048828,144.5316162109375,294.8296203613281,245.24000549316406
2021-09-01,150.1718292236328,173.9499969482422,145.0490264892578,294.7807922363281,244.69667053222656
2021-09-02,151.29434204101562,173.156005859375,143.12274169921875,294.1167297363281,244.1300048828125
2021-09-03,151.9343719482422,173.90249633789062,143.57472229003906,294.1069641113281,244.52333068847656
2021-09-07,154.28775024414062,175.46449279785156,144.11509704589844,293.1693115234375,250.97332763671875
2021-09-08,152.73194885253906,176.27499389648438,143.52627563476562,293.1986083984375,251.2899932861328
2021-09-09,151.70791625976562,174.20799255371094,143.37644958496094,290.30780029296875,251.6199951171875
2021-09-10,146.68609619140625,173.45750427246094,140.71450805664062,288.8037109375,245.42333984375
2021-09-13,147.2572021484375,172.85850524902344,142.16934204101562,290.0538635253906,247.6666717529297
2021-09-14,145.84913635253906,172.5,142.38108825683594,292.7884521484375,248.163330078125
2021-09-15,146.74517822265625,173.7895050048828,144.26393127441406,297.70098876953125,251.94332885742188
2021-09-16,146.50885009765625,174.41200256347656,143.44537353515625,298.0917053222656,252.3300018310547
2021-09-17,143.8207244873047,173.12600708007812,140.6385955810547,292.8665771484375,253.163330078125
2021-09-20,140.74855041503906,167.7864990234375,138.5604705810547,287.4266357421875,243.38999938964844
2021-09-21,141.23101806640625,167.18150329589844,138.87362670898438,287.91497802734375,246.4600067138672
2021-09-22,143.6139373779297,169.00250244140625,140.1226806640625,291.606689453125,250.64666748046875
2021-09-23,144.57891845703125,170.8000030517578,141.0541229248047,292.5638427734375,251.2133331298828
2021-09-24,144.6675262451172,171.2760009765625,142.05197143554688,292.3587341308594,258.1300048828125
2021-09-27,143.14129638671875,170.2899932861328,140.9102783203125,287.29974365234375,263.78668212890625
2021-09-28,139.7343292236328,165.79800415039062,135.67428588867188,276.89849853515625,259.1866760253906
2021-09-29,140.6402587890625,165.05599975585938,134.19947814941406,277.3672180175781,260.4366760253906
2021-09-30,139.33059692382812,164.2519989013672,133.5227508544922,275.3358459472656,258.49334716796875
2021-10-01,140.46298217773438,164.16299438476562,136.386474609375,282.34814453125,258.40667724609375
2021-10-04,137.00682067871094,159.48899841308594,133.5062713623047,276.4980163574219,260.510009765625
2021-10-05,138.9466094970703,161.0500030517578,135.8670654296875,282.0160827636719,260.1966552734375
2021-10-06,139.82296752929688,163.10049438476562,137.4073028564453,286.26446533203125,260.9166564941406
2021-10-07,141.09317016601562,165.1215057373047,139.06539916992188,287.9638977050781,264.53668212890625
2021-10-08,140.70913696289062,164.43099975585938,139.62525939941406,287.9638977050781,261.8299865722656
2021-10-11,140.6205291748047,162.31500244140625,138.7547607421875,287.35833740234375,263.9800109863281
2021-10-12,139.34046936035156,162.3665008544922,136.29258728027344,286.0398864746094,268.5733337402344
2021-10-13,138.74966430664062,164.21400451660156,137.42428588867188,289.3897705078125,270.3599853515625
2021-10-14,141.55596923828125,164.9929962158203,140.9891815185547,295.6792907714844,272.7733459472656
2021-10-15,142.61941528320312,170.4510040283203,141.2059326171875,297.105224609375,281.010009765625
2021-10-18,144.30320739746094,172.33700561523438,142.61431884765625,300.1133728027344,290.03668212890625
2021-10-19,146.4793243408203,172.20750427246094,143.0727996826172,301.0313415527344,288.0899963378906
2021-10-20,146.97166442871094,170.7530059814453,141.60647583007812,300.2304992675781,288.6000061035156
2021-10-21,147.18829345703125,171.75050354003906,141.7233428955078,303.5022277832031,298.0
2021-10-22,146.410400390625,166.77749633789062,137.40879821777344,301.9396667480469,303.2266540527344
2021-10-25,146.36119079589844,166.01849365234375,137.28944396972656,300.9337158203125,341.6199951171875
2021-10-26,147.03076171875,168.80349731445312,139.1488037109375,302.8674621582031,339.4766540527344
2021-10-27,146.56793212890625,169.62449645996094,146.0498809814453,315.6224365234375,345.9533386230469
2021-10-28,150.2309112548828,172.32850646972656,145.6818084716797,316.7748718261719,359.0133361816406
2021-10-29,147.50340270996094,168.6215057373047,147.87628173828125,323.8751220703125,371.3333435058594
2021-11-01,146.67625427246094,165.90550231933594,143.33248901367188,321.6776123046875,402.86334228515625
2021-11-02,147.72003173828125,165.6374969482422,145.26577758789062,325.34979248046875,390.6666564941406
2021-11-03,149.16748046875,169.1999969482422,146.42994689941406,326.1994934082031,404.6199951171875
2021-11-04,148.64561462402344,173.85000610351562,148.0975341796875,328.58251953125,409.9700012207031
2021-11-05,149.17807006835938,175.94949340820312,148.68136596679688,328.2113952636719,407.36334228515625
2021-11-08,148.3497772216797,174.44900512695312,148.8601531982422,329.1196594238281,387.64666748046875
2021-11-09,148.71461486816406,178.81149291992188,148.74778747558594,328.1040344238281,341.1666564941406
2021-11-10,145.86474609375,174.1024932861328,145.7262420654297,323.07427978515625,355.98333740234375
2021-11-11,145.81546020507812,173.625,145.59939575195312,324.6661682128906,354.5033264160156
2021-11-12,147.90599060058594,176.25750732421875,148.50755310058594,328.85601806640625,344.47332763671875
2021-11-15,147.91583251953125,177.28399658203125,148.2818145751953,328.22119140625,337.7966613769531
2021-11-16,148.90196228027344,177.03500366210938,147.70648193359375,331.580810546875,351.57666015625
2021-11-17,151.35740661621094,177.4499969482422,147.8772735595703,331.8058776855469,363.0033264160156
2021-11-18,155.67654418945312,184.80299377441406,149.66673278808594,333.9094543457031,365.4599914550781
2021-11-19,158.3192901611328,183.82850646972656,148.75576782226562,335.7098083496094,379.0199890136719
2021-11-22,158.78277587890625,178.6284942626953,146.13427734375,332.5005187988281,385.6233215332031
2021-11-23,159.16732788085938,179.0019989013672,145.61488342285156,330.3969421386719,369.6766662597656
2021-11-24,159.69000244140625,179.02049255371094,145.95248413085938,330.6219787597656,372.0
2021-11-26,154.63124084472656,175.22799682617188,142.02000427246094,322.5694580078125,360.6400146484375
2021-11-29,158.0135955810547,178.07850646972656,145.36366271972656,329.3695983886719,378.9966735839844
2021-11-30,163.00328063964844,175.35350036621094,141.73483276367188,323.4598083496094,381.586669921875
2021-12-01,162.48065185546875,172.18600463867188,140.88980102539062,322.9608154296875,365.0
2021-12-02,161.48468017578125,171.8679962158203,142.80210876464844,322.3835144042969,361.5333251953125
2021-12-03,159.59136962890625,169.489501953125,141.83871459960938,316.0433044433594,338.3233337402344
2021-12-06,163.02301025390625,171.36849975585938,142.9908905029297,319.1547546386719,336.336669921875
2021-12-07,168.80157470703125,176.1645050048828,147.10067749023438,327.69647216796875,350.5833435058594
2021-12-08,172.64739990234375,176.1580047607422,148.01661682128906,327.745361328125,356.32000732421875
2021-12-09,172.13462829589844,174.17100524902344,147.46925354003906,325.91571044921875,334.6000061035156
2021-12-10,176.9567108154297,172.21200561523438,147.8318328857422,335.1521301269531,339.010009765625
2021-12-13,173.29823303222656,169.5675048828125,145.65933227539062,332.079833984375,322.13665771484375
2021-12-14,171.90782165527344,169.0915069580078,143.7420196533203,321.2583312988281,319.5033264160156
2021-12-15,176.80877685546875,173.31500244140625,146.2731170654297,327.4322509765625,325.3299865722656
2021-12-16,169.8665771484375,168.87100219726562,144.2794189453125,317.8925476074219,308.97332763671875
2021-12-17,168.7621612548828,170.0175018310547,141.56253051757812,316.8161926269531,310.8566589355469
2021-12-20,167.39146423339844,167.07899475097656,141.4446563720703,313.0101623535156,299.9800109863281
2021-12-21,170.58644104003906,170.41700744628906,143.3080291748047,320.23101806640625,312.84332275390625
2021-12-22,173.19960021972656,171.03700256347656,146.2471466064453,326.01361083984375,336.2900085449219
2021-12-23,173.8307342529297,171.06849670410156,146.74807739257812,327.4714050292969,355.6666564941406
2021-12-27,177.82444763183594,169.66949462890625,147.7369384765625,335.06402587890625,364.64666748046875
2021-12-28,176.7989044189453,170.66099548339844,146.5188446044922,333.88995361328125,362.8233337402344
2021-12-29,176.88768005371094,169.2010040283203,146.48687744140625,334.5748596191406,362.0633239746094
2021-12-30,175.72406005859375,168.64450073242188,146.03289794921875,332.0014953613281,356.7799987792969
2021-12-31,175.1028289794922,166.7169952392578,144.68594360351562,329.06622314453125,352.260009765625
2022-01-03,179.48110961914062,170.4044952392578,144.82528686523438,327.5301208496094,399.9266662597656
2022-01-04,177.20321655273438,167.52200317382812,144.2339630126953,321.9139099121094,383.1966552734375
2022-01-05,172.4896240234375,164.35699462890625,137.61705017089844,309.5563659667969,362.7066650390625
2022-01-06,169.61021423339844,163.25399780273438,137.58958435058594,307.11016845703125,354.8999938964844
2022-01-07,169.77784729003906,162.5540008544922,136.85992431640625,307.2667541503906,342.32000732421875
2022-01-10,169.7975616455078,161.48599243164062,138.51052856445312,307.4918212890625,352.7066650390625
2022-01-11,172.64739990234375,165.36199951171875,139.5758056640625,308.1865234375,354.79998779296875
2022-01-12,173.0911407470703,165.20700073242188,141.2683563232422,311.405517578125,368.739990234375
2022-01-13,169.7975616455078,161.21400451660156,138.42813110351562,298.2260437011719,343.85333251953125
2022-01-14,170.6653289794922,162.13800048828125,139.3206024169922,303.5096130371094,349.8699951171875
2022-01-18,167.44076538085938,158.91749572753906,135.84210205078125,296.1224365234375,343.5033264160156
2022-01-19,163.92034912109375,156.2989959716797,134.96160888671875,296.7877502441406,331.8833312988281
2022-01-20,162.22427368164062,151.66749572753906,133.15467834472656,295.0950622558594,332.0899963378906
2022-01-21,160.15347290039062,142.64300537109375,130.2020721435547,289.6452331542969,314.6333312988281
2022-01-24,159.3744354248047,144.54400634765625,130.654052734375,289.9779052734375,310.0
2022-01-25,157.5599822998047,139.98599243164062,126.78948211669922,282.2678527832031,306.1333312988281
2022-01-26,157.4712371826172,138.87249755859375,129.08485412597656,290.310546875,312.4700012207031
2022-01-27,157.0077667236328,139.6374969482422,128.85711669921875,293.373046875,276.3666687011719
2022-01-28,167.96340942382812,143.97799682617188,133.1981201171875,301.6114196777344,282.1166687011719
2022-01-31,172.3515625,149.57350158691406,135.1483917236328,304.27276611328125,312.239990234375
2022-02-01,172.18394470214844,151.19349670410156,137.4862060546875,302.10064697265625,310.4166564941406
2022-02-02,173.39682006835938,150.6125030517578,147.83033752441406,306.69927978515625,301.88665771484375
2022-02-03,170.4976806640625,138.8455047607422,142.92596435546875,294.75262451171875,297.0466613769531
2022-02-04,170.21136474609375,157.63949584960938,143.1287384033203,299.34149169921875,307.7733459472656
2022-02-07,169.49058532714844,157.9355010986328,139.0414276123047,294.4591064453125,302.4466552734375
2022-02-08,172.6205291748047,161.4134979248047,139.23919677734375,297.9912414550781,307.3333435058594
2022-02-09,174.0522003173828,161.1894989013672,141.42967224121094,304.4977722167969,310.6666564941406
2022-02-10,169.9447784423828,159.0034942626953,138.46109008789062,295.8582763671875,301.51666259765625
2022-02-11,166.50877380371094,153.2935028076172,134.12857055664062,288.6766052246094,286.6666564941406
2022-02-14,166.7457275390625,155.16700744628906,135.37063598632812,288.637451171875,291.9200134277344
2022-02-15,170.6063232421875,156.510498046875,136.451904296875,293.98944091796875,307.4766540527344
2022-02-16,170.3693389892578,158.10049438476562,137.58010864257812,293.64630126953125,307.7966613769531
2022-02-17,166.7457275390625,154.65249633789062,132.38705444335938,285.0477294921875,292.1166687011719
2022-02-18,165.18568420410156,152.60150146484375,130.25350952148438,282.302490234375,285.6600036621094
2022-02-22,162.2433624267578,150.19749450683594,129.66468811035156,282.0965576171875,273.84332275390625
2022-02-23,158.04705810546875,144.82699584960938,127.44173431396484,274.79217529296875,254.67999267578125
2022-02-24,160.68331909179688,151.35800170898438,132.53887939453125,288.832275390625,266.92333984375
2022-02-25,162.76666259765625,153.7884979248047,134.30535888671875,291.49908447265625,269.9566650390625
2022-02-28,163.03323364257812,153.56300354003906,134.9021759033203,292.9501953125,290.1433410644531
2022-03-01,161.1374969482422,151.14199829101562,133.90780639648438,289.18524169921875,288.1233215332031
2022-03-02,164.45501708984375,152.05250549316406,134.417236328125,294.3228454589844,293.2966613769531
2022-03-03,164.1291961669922,147.89849853515625,133.74600219726562,290.1362609863281,279.7633361816406
2022-03-04,161.10789489746094,145.64100646972656,131.75527954101562,284.1946716308594,279.42999267578125
2022-03-07,157.28680419921875,137.4530029296875,126.23362731933594,273.458740234375,268.1933288574219
2022-03-08,155.45028686523438,136.01449584960938,126.95879364013672,270.45855712890625,274.79998779296875
2022-03-09,160.89065551757812,139.2790069580078,133.2670440673828,282.86126708984375,286.3233337402344
2022-03-10,156.5166778564453,146.8175048828125,132.27769470214844,280.0082092285156,279.4333190917969
2022-03-11,152.7745361328125,145.52450561523438,129.72161865234375,274.5960693359375,265.1166687011719
2022-03-14,148.71646118164062,141.85299682617188,125.80661010742188,271.0370178222656,255.4566650390625
2022-03-15,153.13002014160156,147.3665008544922,129.0498809814453,281.53765869140625,267.2966613769531
2022-03-16,157.5731201171875,153.10400390625,133.12771606445312,288.63616943359375,280.07666015625
2022-03-17,158.59010314941406,157.23899841308594,133.68557739257812,289.4499816894531,290.5333251953125
2022-03-18,161.90765380859375,161.25050354003906,135.96945190429688,294.55816650390625,301.7966613769531
2022-03-21,163.28997802734375,161.4915008544922,135.9454803466797,293.3129577636719,307.0533447265625
2022-03-22,166.68650817871094,164.88900756835938,139.70765686035156,298.1171875,331.32666015625
2022-03-23,168.05894470214844,163.4080047607422,138.1169891357422,293.63653564453125,333.03668212890625
2022-03-24,171.87014770507812,163.64950561523438,141.4097137451172,298.1564636230469,337.97332763671875
2022-03-25,172.51193237304688,164.77349853515625,141.51058959960938,297.74462890625,336.8800048828125
2022-03-28,173.3808135986328,168.99049377441406,141.29335021972656,304.62744140625,363.9466552734375
2022-03-29,176.69834899902344,169.31500244140625,142.34213256835938,309.2453918457031,366.5233459472656
2022-03-30,175.52337646484375,166.30099487304688,141.77578735351562,307.72564697265625,364.663330078125
2022-03-31,172.4033203125,162.99749755859375,138.9080810546875,302.2840881347656,359.20001220703125
2022-04-01,172.1071014404297,163.55999755859375,139.98983764648438,303.3724365234375,361.5299987792969
2022-04-04,176.18490600585938,168.34649658203125,142.80760192871094,308.81396484375,381.8166809082031
2022-04-05,172.84759521484375,164.05499267578125,140.42984008789062,304.80389404296875,363.7533264160156
2022-04-06,169.658447265625,158.75599670410156,136.39146423339844,293.64630126953125,348.586669921875
2022-04-07,169.9645233154297,157.7845001220703,135.73272705078125,295.4797668457031,352.4200134277344
2022-04-08,167.9404296875,154.4604949951172,133.13470458984375,291.1657409667969,341.8299865722656
2022-04-11,163.65525817871094,151.1219940185547,128.6758270263672,279.6845703125,325.30999755859375
2022-04-12,165.54115295410156,150.78750610351562,127.5680923461914,276.5471496582031,328.98333740234375
2022-04-13,168.24652099609375,155.54100036621094,129.74508666992188,281.9985046386719,340.7900085449219
2022-04-14,163.2010955810547,151.7064971923828,126.58472442626953,274.3607482910156,328.3333435058594
2022-04-18,162.98387145996094,152.78500366210938,127.53013610839844,275.0372314453125,334.7633361816406
2022-04-19,165.284423828125,158.11549377441406,129.85997009277344,279.7238464355469,342.7166748046875
2022-04-20,165.11659240722656,153.9980010986328,127.8932113647461,280.7631530761719,325.73333740234375
2022-04-21,164.31678771972656,148.29600524902344,124.67141723632812,275.3215637207031,336.260009765625
2022-04-22,159.7453155517578,144.35000610351562,119.49835205078125,268.674072265625,335.01666259765625
2022-04-25,160.8215789794922,146.07400512695312,122.93290710449219,275.2333679199219,332.67333984375
2022-04-26,154.81837463378906,139.39100646972656,118.51398468017578,264.9385681152344,292.1400146484375
2022-04-27,154.59130859375,138.16700744628906,114.1634750366211,277.6844787597656,293.836669921875
2022-04-28,161.5719451904297,144.59649658203125,118.38662719726562,283.9692077636719,292.5033264160156
2022-04-29,155.6576385498047,124.28150177001953,113.97868347167969,272.0958251953125,290.2533264160156
2022-05-02,155.96372985839844,124.5,116.44934844970703,278.9100646972656,300.9800109863281
2022-05-03,157.46450805664062,124.25350189208984,117.19949340820312,276.27264404296875,303.0833435058594
2022-05-04,163.921875,125.92849731445312,122.12084197998047,284.3123779296875,317.5400085449219
2022-05-05,154.7887725830078,116.40699768066406,116.37194061279297,271.92926025390625,291.09332275390625
2022-05-06,155.52047729492188,114.77249908447266,115.61380767822266,269.36041259765625,288.54998779296875
2022-05-09,150.35887145996094,108.78900146484375,112.38201904296875,259.4088439941406,262.3699951171875
2022-05-10,152.78147888183594,108.85900115966797,114.26385498046875,264.2326354980469,266.67999267578125
2022-05-11,144.86106872558594,105.37200164794922,113.4722671508789,255.4575958251953,244.6666717529297
2022-05-12,140.9651641845703,106.93049621582031,112.71463775634766,250.35922241210938,242.6666717529297
2022-05-13,145.46424865722656,113.05500030517578,115.91746520996094,256.0163879394531,256.5299987792969
2022-05-16,143.91180419921875,110.81050109863281,114.31380462646484,256.3889465332031,241.4566650390625
2022-05-17,147.57044982910156,115.36849975585938,116.3394775390625,261.6050109863281,253.8699951171875
2022-05-18,139.24464416503906,107.11250305175781,111.7712173461914,249.6942596435547,236.60333251953125
2022-05-19,135.81344604492188,107.31900024414062,110.25746154785156,248.7704620361328,236.47332763671875
2022-05-20,136.05075073242188,107.59100341796875,108.78314971923828,248.2004852294922,221.3000030517578
2022-05-23,141.50900268554688,107.55699920654297,111.36019134521484,256.1508483886719,224.96665954589844
2022-05-24,138.78976440429688,104.0999984741211,105.84851837158203,255.1386260986328,209.3866729736328
2022-05-25,138.94798278808594,106.7750015258789,105.68370819091797,257.98858642578125,219.60000610351562
2022-05-26,142.1715087890625,111.07749938964844,107.66893005371094,261.3102111816406,235.91000366210938
2022-05-27,147.9659423828125,115.14649963378906,112.187744140625,268.5235290527344,253.2100067138672
2022-05-31,147.17489624023438,120.20950317382812,113.63158416748047,267.1771545410156,252.75332641601562
2022-06-01,147.04635620117188,121.68399810791016,113.76143646240234,267.7176818847656,246.7899932861328
2022-06-02,149.51840209960938,125.51100158691406,117.48765563964844,269.84033203125,258.3333435058594
2022-06-03,143.75363159179688,122.3499984741211,114.4096908569336,265.3591003417969,234.51666259765625
2022-06-06,144.50509643554688,124.79000091552734,116.68658447265625,264.11102294921875,238.27999877929688
2022-06-07,147.04635620117188,123.0,117.01519775390625,267.7962951660156,238.8866729736328
2022-06-08,146.30474853515625,121.18000030517578,117.05965423583984,265.74237060546875,241.86666870117188
2022-06-09,141.04428100585938,116.1500015258789,114.703857421875,260.21942138671875,239.7066650390625
2022-06-10,135.595947265625,109.6500015258789,111.03406524658203,248.62307739257812,232.22999572753906
2022-06-13,130.4046630859375,103.66999816894531,106.27053833007812,238.07826232910156,215.73666381835938
2022-06-14,131.2747802734375,102.30999755859375,106.5931625366211,240.26979064941406,220.88999938964844
2022-06-15,133.9149169921875,107.66999816894531,109.638671875,247.41429138183594,233.0
2022-06-16,128.60501098632812,103.66000366210938,105.91194915771484,240.74148559570312,213.10000610351562
2022-06-17,130.08822631835938,106.22000122070312,107.02067565917969,243.375244140625,216.75999450683594
2022-06-21,134.3500213623047,108.68000030517578,111.41613006591797,249.360107421875,237.0366668701172
2022-06-22,133.83583068847656,108.94999694824219,111.35969543457031,248.76063537597656,236.086669921875
2022-06-23,136.72315979003906,112.44000244140625,112.11332702636719,254.39173889160156,235.07000732421875
2022-06-24,140.0752410888672,116.45999908447266,117.83975219726562,263.07916259765625,245.7066650390625
2022-06-27,140.0752410888672,113.22000122070312,115.70071411132812,260.31768798828125,244.9199981689453
2022-06-28,135.9024200439453,107.4000015258789,111.87909698486328,252.05282592773438,232.663330078125
2022-06-29,137.67239379882812,108.91999816894531,111.57344818115234,255.767578125,228.49000549316406
2022-06-30,135.19049072265625,106.20999908447266,108.83808135986328,252.39675903320312,224.47332763671875
2022-07-01,137.37574768066406,109.55999755859375,108.61284637451172,255.09925842285156,227.26333618164062
2022-07-05,139.9763641357422,113.5,113.1331558227539,258.3128662109375,233.06666564941406
2022-07-06,141.32113647460938,114.33000183105469,114.44065856933594,261.6148376464844,231.73333740234375
2022-07-07,144.7127685546875,116.33000183105469,118.6468276977539,263.76702880859375,244.5433349609375
2022-07-08,145.39501953125,115.54000091552734,119.2166748046875,263.0398254394531,250.76333618164062
2022-07-11,143.24932861328125,111.75,115.54389190673828,259.9442443847656,234.3433380126953
2022-07-12,144.2282257080078,109.22000122070312,113.8897933959961,249.29132080078125,233.07000732421875
2022-07-13,143.86239624023438,110.4000015258789,111.22584533691406,248.3577423095703,237.0399932861328
2022-07-14,146.80905151367188,110.62999725341797,110.24097442626953,249.6942596435547,238.31333923339844
2022-07-15,148.4900360107422,113.55000305175781,111.64936065673828,252.28866577148438,240.06666564941406
2022-07-18,145.42471313476562,113.76000213623047,108.9050064086914,249.86131286621094,240.54666137695312
2022-07-19,149.3107452392578,118.20999908447266,113.67952728271484,255.05015563964844,245.52999877929688
2022-07-20,151.32789611816406,122.7699966430664,113.7694320678711,257.74285888671875,247.5
2022-07-21,153.61209106445312,124.62999725341797,114.20892333984375,260.26849365234375,271.7066650390625
2022-07-22,152.36618041992188,122.41999816894531,107.77630615234375,255.8658447265625,272.24334716796875
2022-07-25,151.23892211914062,121.13999938964844,107.38675689697266,254.3622589111328,268.4333190917969
2022-07-26,149.904052734375,114.80999755859375,104.89960479736328,247.5518798828125,258.8599853515625
2022-07-27,155.03594970703125,120.97000122070312,112.93038940429688,264.1011657714844,274.82000732421875
2022-07-28,155.58970642089844,122.27999877929688,114.08906555175781,271.6388244628906,280.8999938964844
2022-07-29,160.69198608398438,134.9499969482422,116.18665313720703,275.8940124511719,297.1499938964844
2022-08-01,159.7032012939453,135.38999938964844,114.72832489013672,273.2112121582031,297.27667236328125
2022-08-02,158.21995544433594,134.16000366210938,114.99801635742188,270.0762939453125,300.586669921875
2022-08-03,164.271484375,139.52000427246094,117.94464111328125,277.59417724609375,307.39666748046875
2022-08-04,163.95504760742188,142.57000732421875,118.05451202392578,278.75384521484375,308.6333312988281
2022-08-05,163.72731018066406,140.8000030517578,117.33533477783203,278.0266418457031,288.1700134277344
2022-08-08,163.2520294189453,139.41000366210938,117.16553497314453,275.4812927246094,290.42333984375
2022-08-09,163.30154418945312,137.8300018310547,116.49629211425781,277.4271240234375,283.3333435058594
2022-08-10,167.57916259765625,142.69000244140625,119.56277465820312,284.168701171875,294.3566589355469
2022-08-11,166.8365020751953,140.63999938964844,118.7037582397461,282.065673828125,286.6300048828125
2022-08-12,170.4110870361328,143.5500030517578,121.54051208496094,286.87127685546875,300.0299987792969
2022-08-15,171.49037170410156,143.17999267578125,121.94005584716797,288.4043273925781,309.32000732421875
2022-08-16,171.33193969726562,144.77999877929688,121.56048583984375,287.657470703125,306.5633239746094
2022-08-17,172.83702087402344,142.10000610351562,119.41295623779297,286.8991394042969,303.9966735839844
2022-08-18,172.44093322753906,142.3000030517578,120.03224182128906,285.7665710449219,302.8699951171875
2022-08-19,169.83677673339844,138.22999572753906,117.07563018798828,281.80755615234375,296.6666564941406
2022-08-22,165.925537109375,133.22000122070312,114.10903930664062,273.5350341796875,289.913330078125
2022-08-23,165.5888671875,133.6199951171875,113.72947692871094,272.2449035644531,296.4533386230469
2022-08-24,165.88592529296875,133.8000030517578,113.5596694946289,271.6048278808594,297.0966796875
2022-08-25,168.3613739013672,137.27999877929688,116.51627349853516,274.6183776855469,296.07000732421875
2022-08-26,162.01429748535156,130.75,110.21350860595703,264.0216369628906,288.0899963378906
2022-08-29,159.7962646484375,129.7899932861328,109.29456329345703,261.205078125,284.82000732421875
2022-08-30,157.35052490234375,128.72999572753906,108.81511688232422,258.9793395996094,277.70001220703125
2022-08-31,155.67710876464844,126.7699966430664,108.09593963623047,257.50213623046875,275.6099853515625
2022-09-01,156.4098358154297,127.81999969482422,109.61419677734375,256.4483337402344,277.1600036621094
2022-09-02,154.2809295654297,127.51000213623047,107.72636413574219,252.1741943359375,270.2099914550781
2022-09-06,153.01348876953125,126.11000061035156,106.68755340576172,249.4068603515625,274.4200134277344
2022-09-07,154.42947387695312,129.47999572753906,109.32452392578125,254.17340087890625,283.70001220703125
2022-09-08,152.94419860839844,129.82000732421875,108.25575256347656,254.5968780517578,289.260009765625
2022-09-09,155.8256378173828,133.27000427246094,110.52315521240234,260.44671630859375,299.67999267578125
2022-09-12,161.82615661621094,136.4499969482422,110.73291015625,262.6034851074219,304.4200134277344
2022-09-13,152.3302764892578,126.81999969482422,104.20040893554688,248.1659698486328,292.1300048828125
2022-09-14,153.7858428955078,128.5500030517578,104.87963104248047,248.39247131347656,302.6099853515625
2022-09-15,150.8747100830078,126.27999877929688,102.79203033447266,241.65628051757812,303.75
2022-09-16,149.22108459472656,123.52999877929688,102.6821517944336,241.02598571777344,303.3500061035156
2022-09-19,152.9639892578125,124.66000366210938,102.95184326171875,240.80935668945312,309.07000732421875
2022-09-20,155.3602294921875,122.19000244140625,101.02405548095703,238.77073669433594,308.7300109863281
2022-09-21,152.21144104003906,118.54000091552734,99.16618347167969,235.3238525390625,300.79998779296875
2022-09-22,151.24107360839844,117.30999755859375,100.02519989013672,237.32305908203125,288.5899963378906
2022-09-23,148.9537353515625,113.77999877929688,98.6268081665039,234.30947875976562,275.3299865722656
2022-09-26,149.2904052734375,115.1500015258789,98.05745697021484,233.84661865234375,276.010009765625
2022-09-27,150.2706756591797,114.41000366210938,97.38822937011719,232.82241821289062,282.94000244140625
2022-09-28,148.36952209472656,118.01000213623047,99.93531036376953,237.4116973876953,287.80999755859375
2022-09-29,141.08175659179688,114.80000305175781,97.30831909179688,233.8958740234375,268.2099914550781
2022-09-30,136.84375,113.0,95.54035186767578,229.36566162109375,265.25
2022-10-03,141.05203247070312,115.87999725341797,98.52692413330078,237.08670043945312,242.39999389648438
2022-10-04,144.66624450683594,121.08999633789062,101.52348327636719,245.10316467285156,249.44000244140625
2022-10-05,144.96328735351562,120.94999694824219,101.313720703125,245.41830444335938,240.80999755859375
2022-10-06,144.00279235839844,120.30000305175781,101.3037338256836,243.0448760986328,238.1300048828125
2022-10-07,138.7152099609375,114.55999755859375,98.56687927246094,230.68531799316406,223.07000732421875
2022-10-10,139.04197692871094,113.66999816894531,97.74781799316406,225.77105712890625,222.9600067138672
2022-10-11,137.61610412597656,112.20999908447266,97.06859588623047,221.98931884765625,216.5
2022-10-12,136.9823760986328,112.9000015258789,97.44815826416016,222.32415771484375,217.24000549316406
2022-10-13,141.5867462158203,112.52999877929688,98.9464340209961,230.68531799316406,221.72000122070312
2022-10-14,137.02200317382812,106.9000015258789,96.44930267333984,225.09152221679688,204.99000549316406
2022-10-17,141.01246643066406,113.79000091552734,99.85540008544922,233.92539978027344,219.35000610351562
2022-10-18,142.33929443359375,116.36000061035156,100.65447998046875,234.8806915283203,220.19000244140625
2022-10-19,142.44818115234375,115.06999969482422,99.51578521728516,232.89132690429688,222.0399932861328
2022-10-20,141.9828338623047,115.25,99.85540008544922,232.5663299560547,207.27999877929688
2022-10-21,145.8247528076172,119.31999969482422,101.0140609741211,238.4457244873047,214.44000244140625
2022-10-24,147.9833526611328,119.81999969482422,102.40247344970703,243.4978790283203,211.25
2022-10-25,150.84500122070312,120.5999984741211,104.3602294921875,246.8561553955078,222.4199981689453
2022-10-26,147.88433837890625,115.66000366210938,94.82117462158203,227.8096466064453,224.63999938964844
2022-10-27,143.37899780273438,110.95999908447266,92.1142807006836,223.30897521972656,225.08999633789062
2022-10-28,154.21163940429688,103.41000366210938,96.17961883544922,232.29058837890625,228.52000427246094
2022-10-31,151.83517456054688,102.44000244140625,94.40165710449219,228.6073455810547,227.5399932861328
2022-11-01,149.1715545654297,96.79000091552734,90.36628723144531,224.70745849609375,227.82000732421875
2022-11-02,143.60671997070312,92.12000274658203,86.87030029296875,216.75991821289062,214.97999572753906
2022-11-03,137.51710510253906,89.30000305175781,83.33435821533203,210.99867248535156,215.30999755859375
2022-11-04,137.24929809570312,90.9800033569336,86.48075103759766,218.0303192138672,207.47000122070312
2022-11-07,137.7848663330078,90.52999877929688,88.38855743408203,224.4119873046875,197.0800018310547
2022-11-08,138.36013793945312,89.9800033569336,88.79808807373047,225.39682006835938,191.3000030517578
2022-11-09,133.76795959472656,86.13999938964844,87.21989440917969,221.10296630859375,177.58999633789062
2022-11-10,145.669921875,96.62999725341797,93.83231353759766,239.29269409179688,190.72000122070312
2022-11-11,148.476806640625,100.79000091552734,96.29948425292969,243.3600311279297,195.97000122070312
2022-11-14,147.06837463378906,98.48999786376953,95.59028625488281,237.8843994140625,190.9499969482422
2022-11-15,148.81399536132812,98.94000244140625,98.32715606689453,238.2980194091797,194.4199981689453
2022-11-16,147.57420349121094,97.12000274658203,98.73667907714844,238.73255920410156,186.9199981689453
2022-11-17,149.4884490966797,94.8499984741211,98.24724578857422,238.6831817626953,183.1699981689453
2022-11-18,150.0537872314453,94.13999938964844,97.31830596923828,238.2288818359375,180.19000244140625
2022-11-21,146.80059814453125,92.45999908447266,95.49040222167969,239.04859924316406,167.8699951171875
2022-11-22,148.95286560058594,93.19999694824219,96.9387435913086,241.99163818359375,169.91000366210938
2022-11-23,149.8356170654297,94.12999725341797,98.34712982177734,244.51004028320312,183.1999969482422
2022-11-25,146.89981079101562,93.41000366210938,97.34827423095703,244.42112731933594,182.86000061035156
2022-11-28,143.0415802001953,93.94999694824219,95.93989562988281,238.76217651367188,182.9199981689453
2022-11-29,140.01651000976562,92.41999816894531,95.08087921142578,237.3499298095703,180.8300018310547
2022-11-30,146.82044982910156,96.54000091552734,100.87422180175781,251.9762725830078,194.6999969482422
2022-12-01,147.09815979003906,95.5,100.87422180175781,251.53184509277344,194.6999969482422
2022-12-02,146.60226440429688,94.12999725341797,100.32485961914062,251.85777282714844,194.86000061035156
2022-12-05,145.43190002441406,91.01000213623047,99.36595916748047,247.09751892089844,182.4499969482422
2022-12-06,141.74227905273438,88.25,96.86882781982422,242.0805206298828,179.82000732421875
2022-12-07,139.78836059570312,88.45999908447266,94.83116912841797,241.33981323242188,174.0399932861328
2022-12-08,141.48440551757812,90.3499984741211,93.60256958007812,244.33226013183594,173.44000244140625
2022-12-09,140.9984130859375,89.08999633789062,92.72358703613281,242.37680053710938,179.0500030517578
2022-12-12,143.30935668945312,90.55000305175781,93.2030258178711,249.37889099121094,167.82000732421875
2022-12-13,144.28138732910156,92.48999786376953,95.52037048339844,253.7342071533203,160.9499969482422
2022-12-14,142.03982543945312,91.58000183105469,94.96101379394531,254.0304718017578,156.8000030517578
2022-12-15,135.38465881347656,88.44999694824219,90.75584411621094,245.9222869873047,157.6699981689453
2022-12-16,133.41090393066406,87.86000061035156,90.15653228759766,241.6558380126953,150.22999572753906
2022-12-19,131.28839111328125,84.91999816894531,88.33861541748047,237.4684295654297,149.8699951171875
2022-12-20,131.21897888183594,85.19000244140625,88.9179458618164,238.8017120361328,137.8000030517578
2022-12-21,134.34324645996094,86.7699966430664,89.47731018066406,241.39906311035156,137.57000732421875
2022-12-22,131.1495361328125,83.79000091552734,87.65939331054688,235.23646545410156,125.3499984741211
2022-12-23,130.78257751464844,85.25,89.1277084350586,235.76976013183594,123.1500015258789
2022-12-27,128.96751403808594,83.04000091552734,87.2898178100586,234.02169799804688,109.0999984741211
2022-12-28,125.01012420654297,81.81999969482422,85.92138671875,231.621826171875,112.70999908447266
2022-12-29,128.5509490966797,84.18000030517578,88.34860229492188,238.021484375,121.81999969482422
2022-12-30,128.86831665039062,84.0,88.12886047363281,236.84625244140625,123.18000030517578
